{"cameraMode":{"drawMode":0,"name":"Shaded","section":"Shading Mode"},"sceneLighting":true,"audioPlay":false,"sceneViewState":{"showFog":true,"showMaterialUpdate":true,"showSkybox":true,"showFlares":true,"showImageEffects":true,"showParticleSystems":true},"in2DMode":false,"pivot":{"x":162.88232421875,"y":-149.41790771484376,"z":706.0284423828125},"rotation":{"x":-0.19046556949615479,"y":-0.674710214138031,"z":0.18673160672187806,"w":-0.6882007718086243},"size":862.1298828125,"orthographic":false}